quarter,front_all,front_open,front_pre,front_chat,n
2019Q3,5.0,5.0,5.0,,1
2020Q3,50.0,50.0,50.0,,1
2021Q3,5.0,5.0,5.0,,2
2022Q3,35.0,35.0,35.0,,7
2023Q3,35.0,35.0,35.0,,13
2024Q2,44.39894388647036,38.69613307300818,35.45667093247413,44.39894388647036,432
2024Q3,51.23132307602696,51.23132307602696,38.441143572535815,51.23132307602696,822
2024Q4,52.08138397879168,47.464376408361055,36.66765115739224,52.08138397879168,1342
2025Q1,47.21693789116021,47.21693789116021,32.436238941896505,47.21693789116021,1891
