数据集,域,样本数,Q_均值,Q_标准差,Q_中位数,Q_p10,Q_p25,Q_p75,Q_p90,Q_字符加权均值,平均字符数
sample,arxiv,1419,0.7568790621871924,0.10790229816028765,0.7579579901256902,0.6232609483064271,0.6874919709211245,0.8293623528528401,0.8926404177420068,0.717759734155325,55234.56025369979
sample,book,171,0.3659941002833515,0.18371598713430753,0.33621657560103935,0.1533365172853603,0.22732600667146974,0.5045637463713565,0.6341107110515465,0.39849021802846457,472912.649122807
sample,c4,10000,0.5677178981114097,0.19005531477187412,0.5491747263738653,0.33665727185664496,0.43155023137412596,0.6904300440455706,0.8399642723001841,0.6624149393800967,2289.1784
sample,commoncrawl,9640,0.596662840483352,0.19155295771544673,0.5841518157082624,0.36535213998454963,0.4614274984325414,0.7266550618051777,0.8676096431689341,0.6232770491357814,7326.595228215768
sample,github,10000,0.41071380255007073,0.17357847203890875,0.41354824248159394,0.1848585283080132,0.30334967915544153,0.5202829156931897,0.6259859667765404,0.4464929315592271,4869.2769
sample,stackexchange,10000,0.6160563529701564,0.14800627946563566,0.6274138401934144,0.4202945360566471,0.5296911756792372,0.7180979863567091,0.7955640781298174,0.6671529722542192,2399.8506
sample,wikipedia,10000,0.36300221452585957,0.19129748961856857,0.3545838397162939,0.11926490484751878,0.22524661946039565,0.49137462157882306,0.6118226981827317,0.508300250200366,2599.1821
arxiv_ext,arxiv,17523,0.7537068350756974,0.11098844039993283,0.754760867018165,0.6180266801697674,0.6825497607420425,0.8264593188379972,0.8951756889323874,0.7537068350756974,-1.0
github_ext,github,203752,0.4078954123516546,0.17527519118058071,0.41134244529860087,0.178016142601065,0.29887943718952564,0.5178579642219115,0.6277139447203012,0.4078954123516546,-1.0
