g,C,Q,N_B,D_B,L,s_Q,s_attn,s_train,n_local,shape,loc_Q,active
指数型,1e+17,0.6200709872657585,0.02556010782959499,0.5121944231908876,4.893061722462882,1.7386819474384307e-07,0.2144951449432276,0.7855046811885777,0,单调上升（下角点 $Q=Q_0$）,[],False
指数型,1.333521432163324e+17,0.6200709872657585,0.0291073646548849,0.5997836870750938,4.754613381696797,1.5267922577832974e-07,0.21449514948815934,0.7855046978326148,0,单调上升（下角点 $Q=Q_0$）,[],False
指数型,1.778279410038923e+17,0.6200709872657585,0.03314691335156047,0.7023513983640934,4.622148921261837,1.3407251334417375e-07,0.21449515347920955,0.7855047124482771,0,单调上升（下角点 $Q=Q_0$）,[],False
指数型,2.3713737056616554e+17,0.6200709872657585,0.03774707468241595,0.8224589882706173,4.495409711481844,1.1773336325127611e-07,0.21449515698387853,0.7855047252827583,0,单调上升（下角点 $Q=Q_0$）,[],False
指数型,3.1622776601683795e+17,0.6200709872657585,0.04298565103798957,0.9631059126230763,4.374148300960196,1.0338543238751604e-07,0.21449516006144057,0.785504736553127,0,单调上升（下角点 $Q=Q_0$）,[],False
指数型,4.216965034285823e+17,0.6200709872657585,0.04895124229916339,1.1278045576457916,4.258127933436643,9.078605498619098e-08,0.21449516276394634,0.7855047464499987,0,单调上升（下角点 $Q=Q_0$）,[],False
指数型,5.6234132519034906e+17,0.6200709872657585,0.055744745030043376,1.3206679383294673,4.147122085527114,7.972213742816713e-08,0.2144951651371033,0.7855047551407592,0,单调上升（下角点 $Q=Q_0$）,[],False
指数型,7.498942093324558e+17,0.6200709872657585,0.06348105403741712,1.5465125302290577,4.040914024443773,7.000656077230092e-08,0.21449516722104778,0.7855047627723916,0,单调上升（下角点 $Q=Q_0$）,[],False
指数型,1e+18,0.6200709872657585,0.07229102117003798,1.8109781748837235,3.9392963848315823,6.147499694079734e-08,0.21449516905102706,0.785504769473976,0,单调上升（下角点 $Q=Q_0$）,[],False
指数型,1.333521432163324e+18,0.6200709872657585,0.08232363224873,2.120669817391786,3.84207076389505,5.3983166402842154e-08,0.21449517065798862,0.785504775358845,0,单调上升（下角点 $Q=Q_0$）,[],False
指数型,1.7782794100389228e+18,0.6200709872657585,0.09374860818263868,2.4833203834098585,3.74904733402452,4.740433435714197e-08,0.21449517206911636,0.7855047805265493,0,单调上升（下角点 $Q=Q_0$）,[],False
指数型,2.371373705661655e+18,0.6200709872657585,0.10675912959964967,2.907987666501479,3.6600444721655974,4.162726326212863e-08,0.21449517330827028,0.7855047850644663,0,单调上升（下角点 $Q=Q_0$）,[],False
指数型,3.1622776601683794e+18,0.6200709872657585,0.1215752665216264,3.405276305281216,3.574888405207967,3.655423132660626e-08,0.2144951743964112,0.7855047890493574,0,单调上升（下角点 $Q=Q_0$）,[],False
指数型,4.2169650342858225e+18,0.6697468817538693,0.15775918941837713,3.127444971822559,3.491937752994901,0.10631032513342523,0.19169212967393645,0.7019975451926384,1,内点极小,[0.6699366582810575],True
指数型,5.623413251903491e+18,0.7219230038582027,0.20006938265472654,2.997551717689847,3.408514926267295,0.18539004288593064,0.174729911203353,0.6398800459107165,1,内点极小,[0.7221768994164297],True
指数型,7.498942093324558e+18,0.7643663306906435,0.2444753121662284,3.0786524406599347,3.326595146586302,0.2333483593890881,0.16444308336522287,0.6022085572456891,1,内点极小,[0.7649189148908252],True
指数型,1e+19,0.8020791047899558,0.29343120604724093,3.2691679433344865,3.247023954351122,0.2672667023616984,0.15716776220813175,0.5755655354301699,1,内点极小,[0.8029118175347323],True
指数型,1.3335214321633241e+19,0.8369297424654506,0.34840848991729534,3.5419191390697327,3.1701931366244347,0.29314592065495737,0.151616794564165,0.5552372847808775,1,内点极小,[0.8361556073481509],True
指数型,1.7782794100389229e+19,0.8698591046893832,0.41070471896764915,3.889426567109315,3.096292049606796,0.31385221360507315,0.14717539448437478,0.5389723919105521,1,内点极小,[0.8693993971615696],True
指数型,2.3713737056616554e+19,0.9014192485078003,0.48164959627915604,4.312207094298025,3.0253998332872025,0.33098907844914444,0.1434996195366728,0.5255113020141827,1,内点极小,[0.900268630559744],True
指数型,3.162277660168379e+19,0.9319664141503057,0.562693218933425,4.815090143301992,2.9575293620490553,0.3455469428731928,0.1403770277540533,0.5140760293727538,1,内点极小,[0.9311378639579184],True
指数型,4.216965034285823e+19,0.9617461685190658,0.6554617427423205,5.405834569923486,2.8926514394203564,0.35818110732160374,0.1376670603482777,0.5041518323301185,1,内点极小,[0.962007097356093],True
指数型,5.6234132519034905e+19,0.9909362020381763,0.7618036690433235,6.094590593652253,2.8307093937427084,0.36934768486163866,0.13527188326386302,0.4953804318744984,1,内点极小,[0.9905017743390232],True
指数型,7.498942093324558e+19,0.9999999777760276,0.8498817656528266,7.415000889867219,2.7718565466741314,0.35809299320155724,0.13768596040251474,0.504221046395928,0,单调下降（上角点 $Q=1$）,[],True
指数型,1e+20,0.9999999777760276,0.932319455660363,9.308476425424178,2.7166081197066045,0.33710346688680404,0.14218811267446854,0.5207084204387274,0,单调下降（上角点 $Q=1$）,[],True
指数型,1.333521432163324e+20,0.9999999777760276,1.0244183867473156,11.650153477888805,2.6647450268083563,0.3163852749181688,0.14663206503640452,0.5369826600454267,0,单调下降（上角点 $Q=1$）,[],True
指数型,1.778279410038923e+20,0.9999999777760276,1.1274835802971992,14.535981608434094,2.616018156559374,0.29602540270604233,0.15099915953686904,0.5529754377570886,0,单调下降（上角点 $Q=1$）,[],True
指数型,2.3713737056616553e+20,0.9999999777760276,1.2430096291960946,18.07990703645708,2.5701979789928613,0.2761091562754541,0.1552710984444774,0.5686197452800685,0,单调下降（上角点 $Q=1$）,[],True
指数型,3.1622776601683794e+20,0.9999999777760276,1.372706123442415,22.416775820147535,2.5270730864976603,0.2567188534387237,0.15943022498507478,0.5838509215762016,0,单调下降（上角点 $Q=1$）,[],True
指数型,4.216965034285823e+20,0.9999999777760276,1.5185306142928605,27.70562084101754,2.4864488425532794,0.2379318066484622,0.16345995601004915,0.5986082373414886,0,单调下降（上角点 $Q=1$）,[],True
指数型,5.6234132519034906e+20,0.9999999777760276,1.6827209814042776,34.13349881133733,2.4481461281484607,0.21981909885420764,0.16734504456918545,0.6128358565766069,0,单调下降（上角点 $Q=1$）,[],True
指数型,7.498942093324558e+20,0.9999999777760276,1.8678370100753074,41.91986836422341,2.4120001765632813,0.20244382111502127,0.17107195793427274,0.6264842209507059,0,单调下降（上角点 $Q=1$）,[],True
指数型,1e+21,0.9999999777760276,2.0768045163425075,51.32171029094628,2.3778594880728887,0.1858599160049952,0.17462912568305086,0.6395109583119539,0,单调下降（上角点 $Q=1$）,[],True
指数型,1.333521432163324e+21,0.9999999777760276,2.312965116582106,62.63951709602289,2.345584817058714,0.17011124252380164,0.17800714027139236,0.651881617204806,0,单调下降（上角点 $Q=1$）,[],True
指数型,1.7782794100389228e+21,0.9999999777760276,2.5801359550768717,76.22424188542354,2.3150482249792383,0.15523074057140368,0.18119893624945174,0.6635703231791445,0,单调下降（上角点 $Q=1$）,[],True
指数型,2.3713737056616553e+21,0.9999999777760276,2.8826726497443955,92.48556257644945,2.286132193633443,0.14124027628655442,0.1841998234358124,0.6745599002776334,0,单调下降（上角点 $Q=1$）,[],True
指数型,3.1622776601683794e+21,0.9999999777760276,3.2255443876690877,111.90153649556049,2.258728794112582,0.12815060639252412,0.18700749456515614,0.6848418990423197,0,单调下降（上角点 $Q=1$）,[],True
指数型,4.2169650342858226e+21,0.9999999777760276,3.6144177157488255,135.0300090372486,2.2327389077401585,0.11596179052023287,0.1896219368469379,0.6944162726328292,0,单调下降（上角点 $Q=1$）,[],True
指数型,5.623413251903491e+21,0.9999999777760276,4.055752043348185,162.52205388368515,2.208071496105971,0.10466390107298508,0.19204527970282012,0.7032908192241948,0,单调下降（上角点 $Q=1$）,[],True
指数型,7.498942093324559e+21,0.9999999777760276,4.556908288340852,195.13780441264106,2.1846429179730382,0.09423799336880992,0.19428158667581455,0.7114804199553755,0,单调下降（上角点 $Q=1$）,[],True
指数型,1e+22,0.9999999777760276,5.12627254563897,233.76508546841112,2.162376291351946,0.08465727058539599,0.19633660555520624,0.7190061238593978,0,单调下降（上角点 $Q=1$）,[],True
指数型,1.3335214321633241e+22,0.9999999777760276,5.773396932268984,279.44131768030155,2.14120089938551,0.0758883720163651,0.19821749205178932,0.7258941359318457,0,单调下降（上角点 $Q=1$）,[],True
指数型,1.7782794100389228e+22,0.9999999777760276,6.509160040216611,333.3792426553617,2.121051638872504,0.06789271424478653,0.19993252212260967,0.7321747636326038,0,单调下降（上角点 $Q=1$）,[],True
指数型,2.371373705661655e+22,0.9999999777760276,7.345949770181069,396.9971070991352,2.1018685103011507,0.060627820742610576,0.2014908067782922,0.7378813724790974,0,单调下降（上角点 $Q=1$）,[],True
指数型,3.1622776601683792e+22,0.9999999777760276,8.29787168450372,471.9540516069158,2.0835961481899385,0.054048585745053106,0.2029020209880741,0.7430493932668729,0,单调下降（上角点 $Q=1$）,[],True
指数型,4.2169650342858225e+22,0.9999999777760276,9.380986083708544,560.1915976784159,2.0661833903798477,0.04810843246204577,0.20417615524902916,0.7477154122889251,0,单调下降（上角点 $Q=1$）,[],True
指数型,5.623413251903491e+22,0.9999999777760276,10.613580131707385,663.9821278829306,2.04958288472405,0.042760325805816964,0.2053232983608805,0.7519163758333025,0,单调下降（上角点 $Q=1$）,[],True
指数型,7.498942093324558e+22,0.9999999777760276,12.016473638831572,785.985896166455,2.0337507314114336,0.03795765453744865,0.20635344820981413,0.7556888972527371,0,单调下降（上角点 $Q=1$）,[],True
指数型,1.0000000000000001e+23,0.9999999777760276,13.613372010880353,929.3175178302697,2.018646158965956,0.033654933716496735,0.20727636109641964,0.7590687051870836,0,单调下降（上角点 $Q=1$）,[],True
指数型,1.3335214321633241e+23,0.9999999777760276,15.43126730345701,1097.6238480966094,2.004231231804502,0.029808364636215532,0.2081014316322822,0.7620902037315023,0,单调下降（上角点 $Q=1$）,[],True
指数型,1.7782794100389228e+23,0.9999999777760276,17.50088636078156,1295.1757658694448,1.9904705871236208,0.02637626670111836,0.2088376001043265,0.7647861331945551,0,单调下降（上角点 $Q=1$）,[],True
指数型,2.371373705661655e+23,0.9999999777760276,19.857224443371226,1526.9740125861704,1.977331198825238,0.02331934038264451,0.20949329607209305,0.7671873635452624,0,单调下降（上角点 $Q=1$）,[],True
指数型,3.162277660168379e+23,0.9999999777760276,22.540131586515184,1798.8745231424487,1.964782166182625,0.02060086645672763,0.2100763956322394,0.769322737911033,0,单调下降（上角点 $Q=1$）,[],True
指数型,4.2169650342858225e+23,0.9999999777760276,25.59496685764966,2117.736362799511,1.9527945249857992,0.01818680915679221,0.2105941992927199,0.7712189915504879,0,单调下降（上角点 $Q=1$）,[],True
指数型,5.623413251903491e+23,0.9999999777760276,29.073394302459825,2491.5909705031117,1.9413410789828376,0.016045799608077626,0.21105343552604286,0.7729007648658796,0,单调下降（上角点 $Q=1$）,[],True
指数型,7.498942093324558e+23,0.9999999777760276,33.03423989535599,2929.8441360485062,1.9303962495419194,0.014149110322095015,0.21146026624008687,0.7743906234378181,0,单调下降（上角点 $Q=1$）,[],True
指数型,1e+24,0.9999999777760276,37.54448970492195,3443.5107810129616,1.9199359415895119,0.012470563059825957,0.2118203065410009,0.7757091303991732,0,单调下降（上角点 $Q=1$）,[],True
指数型,1.333521432163324e+24,0.9999999777760276,42.68042261222736,4045.4901796249337,1.9099374240250102,0.010986409106872392,0.21213865041360758,0.7768749404795199,0,单调下降（上角点 $Q=1$）,[],True
指数型,1.7782794100389228e+24,0.9999999777760276,48.52890027442974,4750.88822616905,1.9003792229642116,0.009675188358432386,0.2124199009469973,0.7779049106945702,0,单调下降（上角点 $Q=1$）,[],True
指数型,2.3713737056616553e+24,0.9999999777760276,55.18883607423981,5577.394803702185,1.8912410263174666,0.008517575728459516,0.21266820327902336,0.7788142209925172,0,单调下降（上角点 $Q=1$）,[],True
指数型,3.1622776601683796e+24,0.9999999777760276,62.77286816288409,6545.725651731773,1.8825035983586296,0.007496221569592178,0.21288727882545824,0.7796164996049496,0,单调下降（上角点 $Q=1$）,[],True
指数型,4.2169650342858227e+24,0.9999999777760276,71.40926369569117,7680.1398904423895,1.8741487030846955,0.006595591450311524,0.21308045964702158,0.7803239489026669,0,单调下降（上角点 $Q=1$）,[],True
指数型,5.62341325190349e+24,0.9999999777760276,81.24408905979979,9009.045862009487,1.8661590353009534,0.005801808815055853,0.21325072219802743,0.7809474689869167,0,单调下降（上角点 $Q=1$）,[],True
指数型,7.498942093324559e+24,0.9999999777760276,92.44367971192746,10565.710731959138,1.8585181584912083,0.005102503745453786,0.21340071976637107,0.7814967764881752,0,单调下降（上角点 $Q=1$）,[],True
指数型,1e+25,0.9999999777760276,105.19745350243078,12389.091359244301,1.851210448646429,0.004486669416029902,0.21353281326308868,0.7819805173208814,0,单调下降（上角点 $Q=1$）,[],True
指数型,1.3335214321633241e+25,0.9999999777760276,119.7211142221814,14524.807271017493,1.8442210433279027,0.003944527555191532,0.2136491000803276,0.7824063723644809,0,单调下降（上角点 $Q=1$）,[],True
指数型,1.7782794100389228e+25,0.9999999777760276,136.26029981586385,17026.280012364212,1.8375357953328708,0.0034674035321574114,0.21375144088459802,0.7827811555832446,0,单调下降（上角点 $Q=1$）,[],True
指数型,2.3713737056616553e+25,0.9999999777760276,155.09473677993412,19956.067345861666,1.8311412304121897,0.0030476113103520414,0.21384148429371588,0.7831109043959322,0,单调下降（上角点 $Q=1$）,[],True
指数型,3.1622776601683795e+25,0.9999999777760276,176.54297121044323,23387.425596148274,1.8250245085615104,0.002678348185348953,0.21392068945500683,0.7834009623596441,0,单调下降（上角点 $Q=1$）,[],True
指数型,4.216965034285822e+25,0.9999999777760276,200.96774237116378,27406.141078088087,1.819173388470567,0.0023535991838588392,0.21399034655126284,0.7836560542648785,0,单调下降（上角点 $Q=1$）,[],True
指数型,5.6234132519034905e+25,0.9999999777760276,228.7822173816751,32112.658836402108,1.8135761947702633,0.0020680492692082015,0.21405159563224357,0.7838803550985483,0,单调下降（上角点 $Q=1$）,[],True
指数型,7.498942093324558e+25,0.9999999777760276,260.45673304208634,37624.62495993945,1.8082217877651576,0.0018170078156567828,0.21410544281457217,0.784077549369771,0,单调下降（上角点 $Q=1$）,[],True
指数型,1e+26,0.9999999777760276,296.5269551083772,44079.79752067759,1.80309953538048,0.0015963356283852463,0.21415277593559562,0.784250888436019,0,单调下降（上角点 $Q=1$）,[],True
指数型,1.333521432163324e+26,0.9999999777760276,337.6030640905912,51639.46673206127,1.7981992870887185,0.0014023821153651911,0.21419437802971641,0.7844032398549183,0,单调下降（上角点 $Q=1$）,[],True
指数型,1.7782794100389227e+26,0.9999999777760276,384.37973626535876,60492.53264907242,1.7935113496117867,0.0012319309985752776,0.21423093897307482,0.78453713002835,0,单调下降（上角点 $Q=1$）,[],True
指数型,2.3713737056616553e+26,0.9999999777760276,437.64809989643084,70860.19281211768,1.7890264642214595,0.0010821487085867106,0.21426306655266175,0.7846547847387515,0,单调下降（上角点 $Q=1$）,[],True
指数型,3.1622776601683796e+26,0.9999999777760276,498.30906976365685,83001.47308743492,1.7847357854836976,0.0009505400408911767,0.2142912959778231,0.7847581639812857,0,单调下降（上角点 $Q=1$）,[],True
指数型,4.216965034285822e+26,0.9999999777760276,567.3885888836659,97219.69581503085,1.7806308613121966,0.0008349084830049484,0.2143160983899043,0.7848489931270908,0,单调下降（上角点 $Q=1$）,[],True
指数型,5.623413251903491e+26,0.9999999777760276,646.0552380119921,113870.00946106906,1.7767036142134252,0.0007333207475917586,0.2143378884697248,0.7849287907826834,0,单调下降（上角点 $Q=1$）,[],True
指数型,7.498942093324558e+26,0.9999999777760276,735.638993705046,133368.43404628866,1.7729463236199452,0.0006440768174620565,0.21435703086278146,0.7849988923197564,0,单调下降（上角点 $Q=1$）,[],True
指数型,1e+27,0.9999999777760276,837.6553270773912,156201.96989448325,1.7693516092212989,0.0005656803882766344,0.21437384651914634,0.7850604730925769,0,单调下降（上角点 $Q=1$）,[],True
幂函数型,1e+17,0.6200709872657585,0.025560112605458957,0.5121942451083789,4.893061801550283,3.3470525430095764e-07,0.2144951104444532,0.7855045548502925,0,单调上升（下角点 $Q=Q_0$）,[],False
幂函数型,1.333521432163324e+17,0.6200709872657585,0.029107369431915744,0.5997835039288937,4.75461344814431,2.9391540718043124e-07,0.2144951191936789,0.785504586890914,0,单调上升（下角点 $Q=Q_0$）,[],False
幂函数型,1.778279410038923e+17,0.6200709872657585,0.033146918128420216,0.7023512100385749,4.622148977089592,2.5809653289099876e-07,0.21449512687665487,0.7855046150268122,0,单调上升（下角点 $Q=Q_0$）,[],False
幂函数型,2.3713737056616554e+17,0.6200709872657585,0.03774707945562331,0.8224587946951663,4.495409758387108,2.266428300529713e-07,0.2144951336233226,0.7855046397338473,0,单调上升（下角点 $Q=Q_0$）,[],False
幂函数型,3.1622776601683795e+17,0.6200709872657585,0.04298565581201123,0.9631057135512999,4.374148340368978,1.9902232474403033e-07,0.2144951395477879,0.7855046614298873,0,单调上升（下角点 $Q=Q_0$）,[],False
幂函数型,4.216965034285823e+17,0.6200709872657585,0.04895124707384323,1.127804352925229,4.258127966547042,1.7476787353235783e-07,0.21449514475025086,0.7855046804818756,0,单调上升（下角点 $Q=Q_0$）,[],False
幂函数型,5.6234132519034906e+17,0.6200709872657585,0.05574474980485593,1.320667727812289,4.147122113345751,1.5346926069294704e-07,0.21449514931870067,0.7855046972120385,0,单调上升（下角点 $Q=Q_0$）,[],False
幂函数型,7.498942093324558e+17,0.6200709872657585,0.06348105880907613,1.5465123138311736,4.040914047816386,1.347662729728674e-07,0.21449515333040142,0.7855047119033256,0,单调上升（下角点 $Q=Q_0$）,[],False
幂函数型,1e+18,0.6200709872657585,0.07229102594204904,1.8109779523531049,3.9392964044687426,1.1834257059009227e-07,0.21449515685320647,0.7855047248042228,0,单调上升（下角点 $Q=Q_0$）,[],False
幂函数型,1.333521432163324e+18,0.6200709872657585,0.08232363702668068,2.1206695884106255,3.8420707803937635,1.0392040819561465e-07,0.21449515994669086,0.785504736132901,0,单调上升（下角点 $Q=Q_0$）,[],False
幂函数型,1.7782794100389228e+18,0.6200709872657585,0.0937486129598521,2.4833201479682963,3.74904734788638,9.125581490971977e-08,0.21449516266318508,0.785504746081,0,单调上升（下角点 $Q=Q_0$）,[],False
幂函数型,2.371373705661655e+18,0.6200709872657585,0.10675913437691176,2.907987424395716,3.660044483812031,8.013465280868856e-08,0.2144951650486208,0.7855047548167264,0,单调上升（下角点 $Q=Q_0$）,[],False
幂函数型,3.1622776601683794e+18,0.6200709872657585,0.12157527129773872,3.405276056356201,3.574888414993046,7.036880246844217e-08,0.2144951671433486,0.7855047624878488,0,单调上升（下角点 $Q=Q_0$）,[],False
幂函数型,4.2169650342858225e+18,0.6200709872657585,0.13844760969157635,3.9876048341343084,3.4934128789223777,6.179309518902049e-08,0.2144951689827965,0.7855047692241083,0,单调上升（下角点 $Q=Q_0$）,[],False
幂函数型,5.623413251903491e+18,0.6200709872657585,0.15766151162574749,4.6695162698067945,3.4154587991421304,5.4262491210264e-08,0.2144951705980748,0.7855047751394341,0,单调上升（下角点 $Q=Q_0$）,[],False
幂函数型,7.498942093324558e+18,0.6200709872657585,0.1795419413814195,5.468039776139386,3.3408739746529807,4.764962648581551e-08,0.2144951720165024,0.7855047803338712,0,单调上升（下角点 $Q=Q_0$）,[],False
幂函数型,1e+19,0.6200709872657585,0.20445890336569694,6.403118768325312,3.269512782747988,4.1842670356791526e-08,0.2144951732620665,0.7855047848952631,0,单调上升（下角点 $Q=Q_0$）,[],False
幂函数型,1.3335214321633241e+19,0.6200709872657585,0.23283392460586586,7.498101725219436,3.2012358946905324,3.6743385024964483e-08,0.21449517435583865,0.7855047889007764,0,单调上升（下角点 $Q=Q_0$）,[],False
幂函数型,1.7782794100389229e+19,0.9999999777760276,0.5800353881461628,2.046024955612487,3.1308941318595833,0.4902375813632475,0.10934158288312411,0.4004208357536283,0,单调下降（上角点 $Q=1$）,[],True
幂函数型,2.3713737056616554e+19,0.9999999777760276,0.6305124617732839,2.6125223785478755,3.051860482456747,0.4694136278014278,0.11380822059726393,0.41677815160130827,0,单调下降（上角点 $Q=1$）,[],True
幂函数型,3.162277660168379e+19,0.9999999777760276,0.6862904833878175,3.3276605156547716,2.9780275289203333,0.44836808115031146,0.11832238896147486,0.4333095298882136,0,单调下降（上角点 $Q=1$）,[],True
幂函数型,4.216965034285823e+19,0.9999999777760276,0.7480340752176242,4.227691585024071,2.9090044786698117,0.4271682562874702,0.12286964925882499,0.4499620944537048,0,单调下降（上角点 $Q=1$）,[],True
幂函数型,5.6234132519034905e+19,0.9999999777760276,0.816501685503353,5.356850544703207,2.8444307167313783,0.4058870584504062,0.1274343636671102,0.46667857788248357,0,单调下降（上角点 $Q=1$）,[],True
幂函数型,7.498942093324558e+19,0.9999999777760276,0.8925600343254624,6.768868846194214,2.7839735228424436,0.38460220845923115,0.131999861444857,0.4833979300959119,0,单调下降（上角点 $Q=1$）,[],True
幂函数型,1e+20,0.9999999777760276,0.9772006014544985,8.52871665715656,2.727325967843817,0.3633953458813111,0.13654863129818545,0.5000560228205034,0,单调下降（上角点 $Q=1$）,[],True
幂函数型,1.333521432163324e+20,0.9999999777760276,1.0715566164367412,10.714610760396493,2.6742049748381715,0.3423513723195505,0.14106246224230842,0.5165861654381412,0,单调下降（上角点 $Q=1$）,[],True
幂函数型,1.778279410038923e+20,0.9999999777760276,1.176925405100332,13.420296638156463,2.624349531502399,0.32155686796584815,0.14552278324318635,0.5329203487909655,0,单调下降（上角点 $Q=1$）,[],True
幂函数型,2.3713737056616553e+20,0.9999999777760276,1.2947914742750772,16.757664653366223,2.5775190407729163,0.3010989005494654,0.14991091869236436,0.5489901807581703,0,单调下降（上角点 $Q=1$）,[],True
幂函数型,3.1622776601683794e+20,0.9999999777760276,1.4268543142543015,20.85972504561365,2.533491797897354,0.2810633731423339,0.1542084427947738,0.5647281840628923,0,单调下降（上角点 $Q=1$）,[],True
幂函数型,4.216965034285823e+20,0.9999999777760276,1.5750584359709896,25.88401897926791,2.4920635825863067,0.26153353504434274,0.15839749897666383,0.5800689659789935,0,单调下降（上角点 $Q=1$）,[],True
幂函数型,5.6234132519034906e+20,0.9999999777760276,1.7416304404305407,32.01649191416793,2.453046355728668,0.2425880583469371,0.1624612124534429,0.5949507291996199,0,单调下降（上角点 $Q=1$）,[],True
幂函数型,7.498942093324558e+20,0.9999999777760276,1.9291160224597634,39.4760027057921,2.41626705087651,0.2242997783939424,0.16638396039476394,0.6093162612112937,0,单调下降（上角点 $Q=1$）,[],True
幂函数型,1e+21,0.9999999777760276,2.140427046854057,48.519471150501786,2.381566451479644,0.2067339168304983,0.17015175307196687,0.6231143300975348,0,单调下降（上角点 $Q=1$）,[],True
幂函数型,1.333521432163324e+21,0.9999999777760276,2.3788930874504652,59.447861538415836,2.34879814566873,0.1899467692691635,0.17375251534737676,0.6363007153834598,0,单调下降（上角点 $Q=1$）,[],True
幂函数型,1.7782794100389228e+21,0.9999999777760276,2.6483162407763112,72.61323230729444,2.3178275512524196,0.17398485430809085,0.1771762692058054,0.6488388764861037,0,单调下降（上角点 $Q=1$）,[],True
幂函数型,2.3713737056616553e+21,0.9999999777760276,2.953040518825584,88.42684998848681,2.2885310045007783,0.15888387708747648,0.18041535606669964,0.6607007668458239,0,单调下降（上角点 $Q=1$）,[],True
幂函数型,3.1622776601683794e+21,0.9999999777760276,3.2980235796200916,107.36885246737741,2.2607949072147115,0.14466850247984628,0.18346448543373214,0.6718670120864215,0,单调下降（上角点 $Q=1$）,[],True
幂函数型,4.2169650342858226e+21,0.9999999777760276,3.688921939856974,129.9995464523809,2.2345149274996103,0.1313522485247924,0.18632075775253717,0.6823269937226704,0,单调下降（上角点 $Q=1$）,[],True
幂函数型,5.623413251903491e+21,0.9999999777760276,4.132186575805515,156.97274275785847,2.2095952505345577,0.11893780549445862,0.18898359597270095,0.6920785985328404,0,单调下降（上角点 $Q=1$）,[],True
幂函数型,7.498942093324559e+21,0.9999999777760276,4.635171723300931,189.05147000711636,2.1859478764178006,0.10741767129685474,0.19145460925681204,0.7011277194463332,0,单调下降（上角点 $Q=1$）,[],True
幂函数型,1e+22,0.9999999777760276,5.206258623216794,227.12648741731388,2.1634919628401663,0.09677506214790754,0.19373739764569392,0.7094875402063986,0,单调下降（上角点 $Q=1$）,[],True
幂函数型,1.3335214321633241e+22,0.9999999777760276,5.854996363373814,272.23807734637296,2.142153210864914,0.08698503516493382,0.19583731126751316,0.717177653567553,0,单调下降（上角点 $Q=1$）,[],True
幂函数型,1.7782794100389228e+22,0.9999999777760276,6.592262260031582,325.60167256775856,2.1218632924620056,0.0780157524518866,0.19776117919758446,0.7242230683505289,0,单调下降（上角点 $Q=1$）,[],True
幂函数型,2.371373705661655e+22,0.9999999777760276,7.430444558589732,388.6379612919138,2.102559318658079,0.06982981535752042,0.19951702326642215,0.7306531613760576,0,单调下降（上角点 $Q=1$）,[],True
幂函数型,3.1622776601683792e+22,0.9999999777760276,8.383650607698442,463.00821813254197,2.0841833472350086,0.062385602540968435,0.2011137710511203,0.7365006264079113,0,单调下降（上角点 $Q=1$）,[],True
幂函数型,4.2169650342858225e+22,0.9999999777760276,9.467943718536075,550.6557546890534,2.066681928865146,0.055638556837595,0.20256097984882754,0.7418004633135773,0,单调下降（上角点 $Q=1$）,[],True
幂函数型,5.623413251903491e+22,0.9999999777760276,10.701615119708874,653.8543837426712,2.050005690441977,0.0495423626732748,0.20386858412705627,0.746589053199669,0,单调下降（上角点 $Q=1$）,[],True
幂函数型,7.498942093324558e+22,0.9999999777760276,12.105489430431962,775.2654305853025,2.034108954185043,0.04405001832955428,0.2050466655279716,0.7509033161424742,0,单调下降（上角点 $Q=1$）,[],True
幂函数型,1.0000000000000001e+23,0.9999999777760276,13.703277449710445,918.0042389556774,2.0189493908996696,0.03911473218609992,0.20610526062870418,0.754780007185196,0,单调下降（上角点 $Q=1$）,[],True
幂函数型,1.3335214321633241e+23,0.9999999777760276,15.521973359394762,1085.7183230258227,2.0044877055824606,0.03469068229844094,0.2070541980155837,0.7582551196859754,0,单调下降（上角点 $Q=1$）,[],True
幂函数型,1.7782794100389228e+23,0.9999999777760276,17.5923228948646,1282.6778017710258,1.9906873534030876,0.030733587167821996,0.2079029758567554,0.7613634369754226,0,单调下降（上角点 $Q=1$）,[],True
幂函数型,2.371373705661655e+23,0.9999999777760276,19.94931286530537,1513.884279985938,1.9775142839747837,0.027201218170416114,0.20866065198858275,0.7641381298410013,0,单调下降（上角点 $Q=1$）,[],True
幂函数型,3.162277660168379e+23,0.9999999777760276,22.632801629240216,1785.19323279538,1.9649367117564243,0.024053645511777494,0.20933579115960196,0.7666105633286204,0,单调下降（上角点 $Q=1$）,[],True
幂函数型,4.2169650342858225e+23,0.9999999777760276,25.688159278564225,2103.4628110603085,1.9529249104088067,0.021253502605277117,0.20993640832262173,0.7688100890721011,0,单调下降（上角点 $Q=1$）,[],True
幂函数型,5.623413251903491e+23,0.9999999777760276,29.16705300598014,2476.7239848019162,1.9414510289530655,0.01876606794226914,0.21046995107396654,0.7707639809837642,0,单调下降（上角点 $Q=1$）,[],True
幂函数型,7.498942093324558e+23,0.9999999777760276,33.12831404244859,2914.3817827430194,1.9304889276436894,0.016559305482281992,0.21094329098997552,0.7724974035277424,0,单调下降（上角点 $Q=1$）,[],True
幂函数型,1e+24,0.9999999777760276,37.63893338352105,3427.4502823089,1.9200140315645038,0.014603832333736966,0.21136273055933252,0.7740334371069305,0,单调下降（上角点 $Q=1$）,[],True
幂函数型,1.333521432163324e+24,0.9999999777760276,42.775194507673305,4028.827851872005,1.910003200075034,0.012872840411764692,0.21173401998708696,0.7753931396011484,0,单调下降（上角点 $Q=1$）,[],True
幂函数型,1.7782794100389228e+24,0.9999999777760276,48.62396330307983,4733.619440096722,1.9004346103690253,0.011341983581585325,0.21206238140185518,0.7765956350165594,0,单调下降（上角点 $Q=1$）,[],True
幂函数型,2.3713737056616553e+24,0.9999999777760276,55.284157041394636,5559.513958438548,1.891287653549662,0.009989241192620435,0.21235253812709612,0.7776582206802835,0,单调下降（上角点 $Q=1$）,[],True
幂函数型,3.1622776601683796e+24,0.9999999777760276,62.86841743401216,6527.226160954404,1.8825428417713534,0.008794766939876327,0.21260874709961594,0.7785964859605077,0,单调下降（上角点 $Q=1$）,[],True
幂函数型,4.2169650342858227e+24,0.9999999777760276,71.5050148395943,7661.014182100879,1.8741817251412447,0.007740730381454681,0.21283483286329918,0.7794244367552461,0,单调下降（上角点 $Q=1$）,[],True
幂函数型,5.62341325190349e+24,0.9999999777760276,81.34001856215299,8989.285380639285,1.8661868172114446,0.0068111562386720835,0.2130342220384583,0.7801546217228695,0,单调下降（上角点 $Q=1$）,[],True
幂函数型,7.498942093324559e+24,0.9999999777760276,92.53976668384276,10545.305948322928,1.8585415280228845,0.005991766200173317,0.2132099772540894,0.7807982565457373,0,单调下降（上角点 $Q=1$）,[],True
幂函数型,1e+25,0.9999999777760276,105.29367941320987,12368.031783251363,1.851230103782263,0.005269825893411872,0.21336482997175246,0.7813653441348357,0,单调下降（上角点 $Q=1$）,[],True
幂函数型,1.3335214321633241e+25,0.9999999777760276,119.81746265591629,14503.081466446687,1.8442375723638376,0.004633999268785874,0.2135012117194728,0.7818647890117414,0,单调下降（上角点 $Q=1$）,[],True
幂函数型,1.7782794100389228e+25,0.9999999777760276,136.35675622221132,17003.87561591482,1.8375496939276454,0.00407421172106485,0.21362128345153536,0.7823045048273999,0,单调下降（上角点 $Q=1$）,[],True
幂函数型,2.3713737056616553e+25,0.9999999777760276,155.19128831048144,19932.9710784429,1.8311529160352238,0.003581522724407681,0.21372696286765952,0.7826915144079327,0,单调下降（上角点 $Q=1$）,[],True
幂函数型,3.1622776601683795e+25,0.9999999777760276,176.63960654922124,23363.623276216997,1.825034332723486,0.0031480083042710674,0.21381994962220915,0.7830320420735197,0,单调下降（上角点 $Q=1$）,[],True
幂函数型,4.216965034285822e+25,0.9999999777760276,201.06445175999306,27381.617606238357,1.8191816470676945,0.0027666535299358964,0.21390174838402717,0.783331598086037,0,单调下降（上角点 $Q=1$）,[],True
幂函数型,5.6234132519034905e+25,0.9999999777760276,228.87899147295573,32087.39836450838,1.8135831368262207,0.0024312531452598623,0.21397369015066062,0.7835950567040795,0,单调下降（上角点 $Q=1$）,[],True
幂函数型,7.498942093324558e+25,0.9999999777760276,260.55347690641054,37598.62324050638,1.8082276228137317,0.0021363264471368397,0.21403695050652113,0.783826723046342,0,单调下降（上角点 $Q=1$）,[],True
幂函数型,1e+26,0.9999999777760276,296.6238363216123,44053.011784995804,1.8031044396964206,0.0018770302846547197,0.21409256828414616,0.7840304014311992,0,单调下降（上角点 $Q=1$）,[],True
幂函数型,1.333521432163324e+26,0.9999999777760276,337.69998945226564,51611.89106268615,1.798203408943638,0.001649094132157153,0.2141414594907145,0.7842094463771283,0,单调下降（上角点 $Q=1$）,[],True
幂函数型,1.7782794100389227e+26,0.9999999777760276,384.47670046116946,60464.14773358287,1.7935148137055346,0.0014487505376115195,0.21418443222653666,0.7843668172358519,0,单调下降（上角点 $Q=1$）,[],True
幂函数型,2.3713737056616553e+26,0.9999999777760276,437.74509824856653,70830.97850632657,1.7890293754167388,0.0012726791109770553,0.2142221986992793,0.7845051221897437,0,单调下降（上角点 $Q=1$）,[],True
幂函数型,3.1622776601683796e+26,0.9999999777760276,498.406097997915,82971.40844290609,1.78473823195231,0.0011179545214685008,0.21425538637830255,0.7846266591002289,0,单调下降（上角点 $Q=1$）,[],True
幂函数型,4.216965034285822e+26,0.9999999777760276,567.485643298636,97188.75904193876,1.7806329171847433,0.0009820005053763094,0.21428454785976012,0.7847334516348635,0,单调下降（上角点 $Q=1$）,[],True
幂函数型,5.623413251903491e+26,0.9999999777760276,646.1520547179523,113838.2238409418,1.7767053418101852,0.0008625490188391798,0.21431016962813335,0.7848272813530274,0,单调下降（上角点 $Q=1$）,[],True
幂函数型,7.498942093324558e+26,0.9999999777760276,735.7360909505085,133335.68436665673,1.7729477753286589,0.0007576036681915019,0.2143326799002455,0.784909716431563,0,单调下降（上角点 $Q=1$）,[],True
幂函数型,1e+27,0.9999999777760276,837.7524430364675,156168.27749938998,1.7693528290773863,0.0006654087302801769,0.21435245527025415,0.7849821359994658,0,单调下降（上角点 $Q=1$）,[],True
对数渐进型,1e+17,0.6200709872657585,0.025560108456993785,0.5121943998114002,4.893061732838109,1.9496790495823837e-07,0.2144951404174414,0.7855046646146536,0,单调上升（下角点 $Q=Q_0$）,[],False
对数渐进型,1.333521432163324e+17,0.6200709872657585,0.02910736528089862,0.5997836630625202,4.754613390413836,1.712075574920925e-07,0.2144951455139215,0.785504683278521,0,单调上升（下角点 $Q=Q_0$）,[],False
对数渐进型,1.778279410038923e+17,0.6200709872657585,0.03314691397764287,0.7023513736705218,4.622148928585704,1.5034283499547853e-07,0.21449514998930397,0.7855046996678612,0,单调上升（下角点 $Q=Q_0$）,[],False
对数渐进型,2.3713737056616554e+17,0.6200709872657585,0.03774707530859569,0.8224589628761104,4.495409717635197,1.3202085378310267e-07,0.21449515391928067,0.7855047140598657,0,单调上升（下角点 $Q=Q_0$）,[],False
对数渐进型,3.1622776601683795e+17,0.6200709872657585,0.04298565166428449,0.9631058865073386,4.3741483061301105,1.1593173529517476e-07,0.21449515737031907,0.7855047266979457,0,单调上升（下角点 $Q=Q_0$）,[],False
对数渐进型,4.216965034285823e+17,0.6200709872657585,0.04895124292560978,1.1278045307875035,4.258127937780291,1.0180336520187928e-07,0.21449516040078637,0.7855047377958485,0,单调上升（下角点 $Q=Q_0$）,[],False
对数渐进型,5.6234132519034906e+17,0.9999999777760276,0.11952924723445617,0.31943162051452756,4.12564686503951,0.48137375968261176,0.11124282992982942,0.4073834103875588,0,单调下降（上角点 $Q=1$）,[],True
对数渐进型,7.498942093324558e+17,0.9999999777760276,0.13000381221981547,0.4074510135375031,3.992722403412672,0.4604472784677958,0.11573145933158296,0.4238212622006212,0,单调下降（上角点 $Q=1$）,[],True
对数渐进型,1e+18,0.9999999777760276,0.1415869926694407,0.5184222919598087,3.8685079400317948,0.4393272841245974,0.12026159636707424,0.4404111195083285,0,单调下降（上角点 $Q=1$）,[],True
对数渐进型,1.333521432163324e+18,0.9999999777760276,0.15441863332396297,0.6578979741605169,3.7523495902095156,0.4180835278139433,0.12481827974832889,0.45709819243772787,0,单调下降（上角点 $Q=1$）,[],True
对数渐进型,1.7782794100389228e+18,0.9999999777760276,0.16865848519533772,0.8326399677205053,3.643643997657163,0.3967909531082333,0.12938543444012757,0.4738236124516391,0,单调下降（上角点 $Q=1$）,[],True
对数渐进型,2.371373705661655e+18,0.9999999777760276,0.18448902792356758,1.0508462989012513,3.541834517136591,0.37552919552466874,0.13394597900769567,0.49052482546763554,0,单调下降（上角点 $Q=1$）,[],True
对数渐进型,3.1622776601683794e+18,0.9999999777760276,0.2021190044140856,1.3224110200113248,3.4464076966295814,0.35438143922639126,0.13848207084880088,0.5071364899248079,0,单调下降（上角点 $Q=1$）,[],True
对数渐进型,4.2169650342858225e+18,0.9999999777760276,0.22178729529520497,1.6592220934620994,3.3568900345699104,0.3334333454471306,0.14297533604150361,0.5235913185113658,0,单调下降（上角点 $Q=1$）,[],True
对数渐进型,5.623413251903491e+18,0.9999999777760276,0.24376711929422457,2.0755028525678196,3.272844989195856,0.3127719822362165,0.1474070989086959,0.5398209188550875,0,单调下降（上角点 $Q=1$）,[],True
对数渐进型,7.498942093324558e+18,0.9999999777760276,0.26837131740023823,2.5881993394732086,3.193870218473796,0.29248407842845997,0.1517587565331498,0.5557571650383903,0,单调下降（上角点 $Q=1$）,[],True
对数渐进型,1e+19,0.9999999777760276,0.2959579418995713,3.2174240681598545,3.1195950303542994,0.2726545906037863,0.15601208613777187,0.5713333232584419,0,单调下降（上角点 $Q=1$）,[],True
对数渐进型,1.3335214321633241e+19,0.9999999777760276,0.3269367757606813,3.9869625559801345,3.0496780243911603,0.25336502560191465,0.16014960489812308,0.5864853694999623,0,单调下降（上角点 $Q=1$）,[],True
对数渐进型,1.7782794100389229e+19,0.9999999777760276,0.3617766728073901,4.9248545515715625,2.983804907022394,0.23469180044134666,0.16415492173189383,0.6011532778267595,0,单调下降（上角点 $Q=1$）,[],True
对数渐进型,2.3713737056616554e+19,0.9999999777760276,0.40101404364534404,6.064061571902138,2.921686464117768,0.21670459001373524,0.1680130917105017,0.615282318275763,0,单调下降（上角点 $Q=1$）,[],True
对数渐进型,3.162277660168379e+19,0.9999999777760276,0.44526204826514254,7.443243665702918,2.863056675769161,0.1994650197895304,0.1717108964674321,0.6288240837430374,0,单调下降（上角点 $Q=1$）,[],True
对数渐进型,4.216965034285823e+19,0.9999999777760276,0.4952215778914461,9.107656548665513,2.807670959753519,0.1830253107266967,0.1752371348587898,0.6417375544145135,0,单调下降（上角点 $Q=1$）,[],True
对数渐进型,5.6234132519034905e+19,0.9999999777760276,0.5516932691216184,11.110203924096353,2.755304531631424,0.16742740199508632,0.17858281113469454,0.6539897868702191,0,单调下降（上角点 $Q=1$）,[],True
对数渐进型,7.498942093324558e+19,0.9999999777760276,0.6155910956764742,13.512672954810077,2.705750871035008,0.15270236863197803,0.18174125984936207,0.6655563715186599,0,单调下降（上角点 $Q=1$）,[],True
对数渐进型,1e+20,0.9999999777760276,0.6879585589598634,16.387172592952616,2.658820285305502,0.13887003204524706,0.18470822940629805,0.6764217385484548,0,单调下降（上角点 $Q=1$）,[],True
对数渐进型,1.333521432163324e+20,0.9999999777760276,0.7699854875822397,19.817856093305362,2.614338563205771,0.1259392719634157,0.1874818151465149,0.6865789128900693,0,单调下降（上角点 $Q=1$）,[],True
对数渐进型,1.778279410038923e+20,0.9999999777760276,0.8630288861800157,23.90291848309484,2.5721457128911482,0.11390831781641406,0.19006239684876244,0.6960292853348236,0,单调下降（上角点 $Q=1$）,[],True
对数渐进型,2.3713737056616553e+20,0.9999999777760276,0.9686354760644965,28.75697227892645,2.532094779607823,0.10276557739149679,0.192452460986826,0.7047819616216772,0,单调下降（上角点 $Q=1$）,[],True
对数渐进型,3.1622776601683794e+20,0.9999999777760276,1.0885677710612582,34.513837231929216,2.4940507396476055,0.092490633595686,0.1946563869287846,0.7128529794755295,0,单调下降（上角点 $Q=1$）,[],True
对数渐进型,4.216965034285823e+20,0.9999999777760276,1.224833654096906,41.32982540767343,2.4578894678851104,0.0830554390923746,0.19668019069321496,0.7202643702144104,0,单调下降（上角点 $Q=1$）,[],True
对数渐进型,5.6234132519034906e+20,0.9999999777760276,1.3797201388752274,49.387600470960855,2.423496776746073,0.07442561535428184,0.19853124630859142,0.7270431383371267,0,单调下降（上角点 $Q=1$）,[],True
对数渐进型,7.498942093324558e+20,0.9999999777760276,1.5558317674115192,58.90071118980987,2.390767524715724,0.06656179826797588,0.20021799718759797,0.7332202045444262,0,单调下降（上角点 $Q=1$）,[],True
对数渐进型,1e+21,0.9999999777760276,1.7561343911289946,70.1189092373052,2.3596047925278727,0.0594209593969247,0.20174967272257,0.7388293678805052,0,单调下降（上角点 $Q=1$）,[],True
对数渐进型,1.333521432163324e+21,0.9999999777760276,1.9840049436692686,83.33438793829521,2.3299191250280726,0.05295765645412611,0.20313602006513928,0.7439063234807346,0,单调下降（上角点 $Q=1$）,[],True
对数渐进型,1.7782794100389228e+21,0.9999999777760276,2.24328887908577,98.88906314374601,2.3016278364357343,0.04712515269259627,0.20438706402236725,0.7484877832850364,0,单调下降（上角点 $Q=1$）,[],True
对数渐进型,2.3713737056616553e+21,0.9999999777760276,2.5383638047833967,117.18317354303436,2.2746543763984914,0.04187644086071866,0.20551288742325596,0.7526106717160252,0,单调下降（上角点 $Q=1$）,[],True
对数渐进型,3.1622776601683794e+21,0.9999999777760276,2.8742144098201714,138.68525326044258,2.2489277538900976,0.03716505602735473,0.2065234567716776,0.7563114872009677,0,单调下降（上角点 $Q=1$）,[],True
对数渐进型,4.2169650342858226e+21,0.9999999777760276,3.256516031248316,163.94388003495632,2.224382015692788,0.03294577416792768,0.20742847240302514,0.7596257534290471,0,单调下降（上角点 $Q=1$）,[],True
对数渐进型,5.623413251903491e+21,0.9999999777760276,3.6917305622182512,193.60139977871785,2.2009557759564853,0.029175143506827404,0.2082372545138267,0.7625876019793458,0,单调下降（上角点 $Q=1$）,[],True
对数渐进型,7.498942093324559e+21,0.9999999777760276,4.18721557347574,228.4099989070906,2.1785917931579046,0.025811878944294687,0.2089586585590788,0.7652294624966265,0,单调下降（上角点 $Q=1$）,[],True
对数渐进型,1e+22,0.9999999777760276,4.7513486195377235,269.2505195155498,2.157236590699021,0.022817132157016477,0.20960101731697006,0.7675818505260134,0,单调下降（上角点 $Q=1$）,[],True
对数渐进型,1.3335214321633241e+22,0.9999999777760276,5.393668809921324,317.15448746396856,2.1368401173840774,0.02015465500561147,0.2101721058387629,0.7696732391556257,0,单调下降（上角点 $Q=1$）,[],True
对数渐进型,1.7782794100389228e+22,0.9999999777760276,6.1250380481434075,373.32990242354265,2.1173554440887346,0.017790874033105,0.21067912546922926,0.7715300004976656,0,单调下降（上角点 $Q=1$）,[],True
对数渐进型,2.371373705661655e+22,0.9999999777760276,6.957824656769073,439.19143395192515,2.098738493071617,0.015694893348888378,0.2111287032280558,0.7731764034230559,0,单调下降（上角点 $Q=1$）,[],True
对数渐进型,3.1622776601683792e+22,0.9999999777760276,7.906112498252343,516.3957771381521,2.0809477965634433,0.01383844175096801,0.2115269031518661,0.7746346550971659,0,单调下降（上角点 $Q=1$）,[],True
对数渐进型,4.2169650342858225e+22,0.9999999777760276,8.985938918707271,606.883064484396,2.0639442814879776,0.012195778448441998,0.21187924651629564,0.7759249750352624,0,单调下降（上角点 $Q=1$）,[],True
对数渐进型,5.623413251903491e+22,0.9999999777760276,10.215566841539466,712.9252813809788,2.047691077409284,0.010743567669298348,0.21219073873201477,0.7770656935986869,0,单调下降（上角点 $Q=1$）,[],True
对数渐进型,7.498942093324558e+22,0.9999999777760276,11.615792185034248,837.1831213781171,2.0321533450499967,0.009460737045933193,0.21246589972035282,0.7780733632337139,0,单调下降（上角点 $Q=1$）,[],True
对数渐进型,1.0000000000000001e+23,0.9999999777760276,13.210296530327874,982.7723898584408,2.017298122976308,0.008328320977806666,0.21270879751125388,0.7789628815109395,0,单调下降（上角点 $Q=1$）,[],True
对数渐进型,1.3335214321633241e+23,0.9999999777760276,15.026047373424078,1153.3418519038664,2.0030941902900907,0.007329301033868017,0.21292308247618752,0.7797476164899445,0,单调下降（上角点 $Q=1$）,[],True
对数渐进型,1.7782794100389228e+23,0.9999999777760276,17.093754217983257,1353.1643717991813,1.9895119434018165,0.006448445926373444,0.21311202165299406,0.7804395324206325,0,单调下降（上角点 $Q=1$）,[],True
对数渐进型,2.371373705661655e+23,0.9999999777760276,19.44839032738249,1587.2434451007132,1.9765232851762091,0.0056721544783828225,0.21327853242859995,0.7810493130930174,0,单调下降（上角点 $Q=1$）,[],True
对数渐进型,3.162277660168379e+23,0.9999999777760276,22.129771416117727,1861.4392114210805,1.9641015249438474,0.004988309207905665,0.2134252139445129,0.7815864768475815,0,单调下降（上角点 $Q=1$）,[],True
对数渐进型,4.2169650342858225e+23,0.9999999777760276,25.183253789849708,2182.6128107030904,1.9522212880551968,0.00438612705409422,0.21355437911533465,0.7820594938305712,0,单调下降（上角点 $Q=1$）,[],True
对数渐进型,5.623413251903491e+23,0.9999999777760276,28.66048615224793,2558.7989226985105,1.9408584338186938,0.003856032335518831,0.2136680818785984,0.7824758857858828,0,单调下降（上角点 $Q=1$）,[],True
对数渐进型,7.498942093324558e+23,0.9999999777760276,32.62026937315582,2999.407707999796,1.9299899808120344,0.003389534128712425,0.21376814349648066,0.782842322374807,0,单调下降（上角点 $Q=1$）,[],True
对数渐进型,1e+24,0.9999999777760276,37.129578467258746,3515.4574234926276,1.919594038686599,0.0029791087039876063,0.2138561777727517,0.7831647135232607,0,单调下降（上角点 $Q=1$）,[],True
对数渐进型,1.333521432163324e+24,0.9999999777760276,42.26467919949808,4119.850994746108,1.9096497457001869,0.002618098710744757,0.2139336126770418,0.7834482886122135,0,单调下降（上角点 $Q=1$）,[],True
对数渐进型,1.7782794100389228e+24,0.9999999777760276,48.11242133281944,4827.697966613232,1.9001372113142205,0.0023006184566606762,0.21400171066199816,0.7836976708813411,0,单调下降（上角点 $Q=1$）,[],True
对数渐进型,2.3713737056616553e+24,0.9999999777760276,54.7717075257864,5656.691849333483,1.891037463279677,0.00202146873594382,0.21406158693221483,0.7839169443318414,0,单调下降（上角点 $Q=1$）,[],True
对数渐进型,3.1622776601683796e+24,0.9999999777760276,62.35516621247241,6627.551980003739,1.8823323987125797,0.0017760600703413151,0.21411422590866575,0.7841097140209928,0,单调下降（上角点 $Q=1$）,[],True
对数渐进型,4.2169650342858227e+24,0.9999999777760276,70.99105600257823,7764.54101383137,1.8740047387262273,0.0015603437877934618,0.21416049601200243,0.7842791602002042,0,单调下降（上角点 $Q=1$）,[],True
对数渐进型,5.62341325190349e+24,0.9999999777760276,80.82543550359158,9096.070791582084,1.8660379862446592,0.0013707502683141294,0.21420116290851413,0.7844280868231718,0,单调下降（上角点 $Q=1$）,[],True
对数渐进型,7.498942093324559e+24,0.9999999777760276,92.0246332700904,10655.4119209956,1.8584163866713,0.001204133811664735,0.21423690133574683,0.7845589648525886,0,单调下降（上角点 $Q=1$）,[],True
对数渐进型,1e+25,0.9999999777760276,104.77806099643163,12481.524653288607,1.8511248911292868,0.0010577234838675884,0.21426830564568908,0.7846739708704433,0,单调下降（上角点 $Q=1$）,[],True
对数渐进型,1.3335214321633241e+25,0.9999999777760276,119.30141700557705,14620.03185940374,1.8441491220265775,0.0009290793917295801,0.21429589918367595,0.7847750214245945,0,单调下降（上角点 $Q=1$）,[],True
对数渐进型,1.7782794100389228e+25,0.9999999777760276,135.84033438305883,17124.35838552179,1.8374753407303852,0.0008160538466295418,0.21432014261856963,0.7848638035348009,0,单调下降（上角点 $Q=1$）,[],True
对数渐进型,2.3713737056616553e+25,0.9999999777760276,154.67453532695194,20057.065256467147,1.8310904171624849,0.0007167569213711127,0.21434144133064853,0.7849418017479804,0,单调下降（上角点 $Q=1$）,[],True
对数渐进型,3.1622776601683795e+25,0.9999999777760276,176.12256210872604,23491.412030247197,1.8249818011501222,0.0006295259400264124,0.21436015195588876,0.7850103221040848,0,单调下降（上角点 $Q=1$）,[],True
对数渐进型,4.216965034285822e+25,0.9999999777760276,200.54714903041776,27513.188461957816,1.8191374953871675,0.0005528985244914436,0.21437658816734828,0.7850705133081602,0,单调下降（上角点 $Q=1$）,[],True
对数渐进型,5.6234132519034905e+25,0.9999999777760276,228.36146451651862,32222.842127601736,1.8135460298772588,0.00048558845356755945,0.2143910258532775,0.7851233856931549,0,单调下降（上角点 $Q=1$）,[],True
对数渐进型,7.498942093324558e+25,0.9999999777760276,260.03579619570195,37738.02910803139,1.8081964377453934,0.0004264653227063854,0.214403707480006,0.7851698271972877,0,单调下降（上角点 $Q=1$）,[],True
对数渐进型,1e+26,0.9999999777760276,296.1059380861754,44196.49173879858,1.8030782323170915,0.0003745349107199828,0.21441484630318872,0.7852106187860913,0,单调下降（上角点 $Q=1$）,[],True
对数渐进型,1.333521432163324e+26,0.9999999777760276,337.1819381248866,51759.54224666182,1.7981813853751627,0.0003289235241700173,0.2144246297258588,0.7852464467499712,0,单调下降（上角点 $Q=1$）,[],True
对数渐进型,1.7782794100389227e+26,0.9999999777760276,383.95851448418125,60616.07758031017,1.7934963065135465,0.00028886327979931245,0.21443322245527555,0.785277914264925,0,单调下降（上角点 $Q=1$）,[],True
对数渐进型,2.3713737056616553e+26,0.9999999777760276,437.22679401315526,70987.29846776268,1.789013823515839,0.00025367937360526894,0.21444076923364644,0.7853055513927482,0,单调下降（上角点 $Q=1$）,[],True
对数渐进型,3.1622776601683796e+26,0.9999999777760276,497.887690259659,83132.23398818781,1.784725163693201,0.00022277885075841866,0.21444739724692571,0.7853298239023159,0,单调下降（上角点 $Q=1$）,[],True
对数渐进型,4.216965034285822e+26,0.9999999777760276,566.9671451795269,97354.20972070078,1.7806219361224862,0.00019564071602254322,0.21445321824608143,0.7853511410378959,0,单调下降（上角点 $Q=1$）,[],True
对数渐进型,5.623413251903491e+26,0.9999999777760276,645.6337384260293,114008.37732630552,1.7766961147307867,0.00017180716530341603,0.21445833042788634,0.7853698624068103,0,单调下降（上角点 $Q=1$）,[],True
对数渐进型,7.498942093324558e+26,0.9999999777760276,735.2174458372234,133510.76034734474,1.7729400221772855,0.00015087621384071647,0.21446282001613473,0.7853863037700245,0,单调下降（上角点 $Q=1$）,[],True
对数渐进型,1e+27,0.9999999777760276,837.2337295884961,156348.3638516089,1.7693463144874122,0.00013249449943324743,0.21446676280531637,0.7854007426952504,0,单调下降（上角点 $Q=1$）,[],True
