_system,_domain,n,frac_alpha,frac_digit,frac_upper,frac_space,url_per1k,latex_per1k,adkw_per1k,code_per1k,legal_per1k,bio_per1k,unigram_entropy,type_token_ratio,mean_word_len,dup_line_frac,n_chars,n_words,ln_chars,ln_words
mixture17,arxiv,1710,0.6774342113715338,0.027005036368855366,0.05065473835271722,0.14960179330879653,0.029447581180650967,9.235910968588588,0.0013612990999333817,0.03781208368001743,0.0170358998290713,0.3417523646680338,7.893128883034206,0.20024588488919023,4.460702718658851,0.36032556929463794,47278.94269005848,7335.205847953216,10.763841439940043,8.90057707351444
mixture17,dm_mathematics,1922,0.38534007650581614,0.19490397659057146,0.07060710599761592,0.21650235432794282,0.0012699325437231423,0.0,0.0,0.0,0.0,0.0,4.371592384492578,0.03255719995637447,2.96285923765356,0.16366722534920308,8194.0,1112.070239334027,9.01127949117793,7.014877457401137
mixture17,enron_emails,973,0.7042285122112426,0.037621278529395376,0.11463880783432062,0.18514077482403768,0.37342735827926987,0.19611257237429278,0.045475379741062055,0.014365518856260548,0.027778484148368324,0.07637975240703776,5.91892895372438,0.6694372809885668,4.658620330988533,0.2139032099867154,1679.1089414182939,243.53237410071944,7.426613916377206,5.49934770955947
mixture17,europarl,157,0.8270021302869347,0.00420488127863137,0.027286953939692618,0.1444965297569769,0.0,0.0,4.3561167240643126e-05,0.0008977013282212859,0.0010355435076769078,0.009900271292137932,7.9807266704025706,0.4109202260006227,4.8169203189779966,0.06342259052860046,51662.86624203822,8067.6942675159235,10.852513903997304,8.995746947369353
mixture17,freelaw,5099,0.6919723575496853,0.044096281119660255,0.11733395134761813,0.21344078145407105,0.004240630644227724,0.059079513788971166,0.005831504224357897,0.013901280351325462,0.8645596962211359,0.08312968743603869,7.220819331672282,0.4019370192784324,4.795558927186403,0.26215974983006285,15765.085899195921,2379.367523043734,9.665616449987349,7.775010176190703
mixture17,github,14846,0.6195734283074009,0.0314043561468321,0.12596521965536334,0.2012094978740999,0.604011131285364,0.6661308684086282,0.3259297061844862,1.5319264813615978,0.01200426686947338,0.06549636887211777,5.590848373961867,0.4418915121947409,5.48145797559375,0.28496876768027923,5272.66314158696,609.2555570524047,8.57048049335022,6.413877815421539
mixture17,gutenberg_pg_19,79,0.7584289443421428,0.005015630922372214,0.039192628555059485,0.1977532399409224,0.03859871766345198,0.0057668209045386365,0.0037882396758496034,0.016058981935677976,0.030664668959498764,0.03871471733781727,9.134670048423045,0.1282580272153902,4.4223943700629755,0.2001615071412228,381179.59493670886,65842.07594936709,12.851028544263713,11.095029552810207
mixture17,hackernews,944,0.7530739297913795,0.016054391133157656,0.03890058030053503,0.15687973945713501,3.2044916708159508,0.03594388305384909,0.03577419956935804,0.028868867198986636,0.020947697689783953,0.08209799040926977,6.785220122068385,0.5896064387429457,4.698960380353072,0.2980582244784321,5180.604872881356,866.5519067796611,8.552870108288474,6.765675344935486
mixture17,nih_exporter,1877,0.827561876149763,0.005675812539224007,0.03392421324184781,0.1454900666644704,0.0009459151812445122,0.0045343362759928665,0.0008480144060687303,0.034333598685390994,0.014324834905190995,1.4265221395818906,6.574859999106357,0.5390926733810082,5.634184695624338,0.0,2089.0021310602024,308.88172615876397,7.644920364604367,5.736190696158553
mixture17,philpapers,63,0.7832281434534175,0.017407192041931262,0.03863175963003201,0.15834340515230727,0.15651237007408825,0.002958035780308539,0.008498516374742944,0.018982803386633457,0.01952490406819672,0.13688673042967633,8.519463594749581,0.22575924329524474,5.021824946475189,0.012454212454212452,78192.26984126984,12116.15873015873,11.266938859418863,9.402377803935993
mixture17,pile_cc,18191,0.7883770177217636,0.009988899382929479,0.04869798655253716,0.17096367087308442,0.08746569893520537,0.06327107031945838,0.048930257162164266,0.02832278139939677,0.014433003824308871,0.10052005325790399,6.856853872594314,0.5513293070381201,4.733598477628727,0.33163021326952014,4523.030344675939,761.6221758012204,8.417158544701566,6.636762726204999
mixture17,pubmed_abstracts,29886,0.8135362841111147,0.013521413223849345,0.03322225525596334,0.1440695474259789,0.002770132628873949,0.0020283170336911236,0.0015887370093992759,0.02477022426564481,0.05848696252659442,1.5182807965155274,6.15271096859919,0.5589138193365994,5.629895662717561,0.0,1330.8444087532623,192.8266077762163,7.194320034032188,5.2669639850594825
mixture17,pubmed_central,2510,0.6841237001132734,0.05015792048775579,0.05259212959623761,0.1753907170625333,0.0803722445912458,0.11836515121405655,0.017833001831058355,0.01770862342614619,0.03432975624762053,1.0810174595589555,7.768849922152519,0.266485080578922,5.230368925103236,0.42112512666505003,32749.705577689245,4278.990836653386,10.396679785188246,8.361706147604716
mixture17,stackexchange,30378,0.7007050262709834,0.01596562259939764,0.06495404870416575,0.1963537280011514,0.2973117158826406,1.4924929211542557,0.010876189841252168,0.5611995092174354,0.00668571745812113,0.12576909355668928,6.335240384221405,0.48467990385063914,4.624943009779144,0.3412267507891358,2171.39604318915,313.8028507472513,7.683586004758346,5.751946572243196
mixture17,ubuntu_irc,16,0.7229136288868159,0.03760908656868469,0.03270748384093803,0.15121629889628457,0.8258730883089741,0.028565139779687887,0.0050635746096880825,0.012994039121048549,0.03294439597008974,0.014790121236718093,7.929593115904641,0.3269845954286605,4.604251862980505,0.023102884023097826,225242.75,36895.625,12.324938428137795,10.51587536243095
mixture17,uspto_backgrounds,11414,0.809230786979805,0.00924514398789029,0.02009580992841311,0.15821141985227355,0.0029761375410586296,0.000541579150193282,0.004250904293825855,0.009796811495708267,0.3084180662331097,0.3144358572103252,6.61624890576775,0.41821984255217415,5.147349818257739,0.0008796166793390447,4139.873926756614,650.8176800420537,8.328662137961752,6.47976489098504
mixture17,wikipedia_en,17496,0.7813635590475775,0.026649183291541836,0.07917541391387803,0.15923200475799257,0.046140050433019414,0.01190171801187926,0.0015892505770549578,0.03300787789797152,0.006493031603908255,0.10774940404591729,6.176541713403544,0.5436604056972011,5.2869315965292145,0.2758433084695884,2967.125628715135,453.5919638774577,7.995685931125688,6.119400233913885
quality7,arxiv,1419,0.6949146509940107,0.02327887593045421,0.042454748451996635,0.14439034951141932,0.016132877447534884,13.807469432156642,0.001521775609932805,0.041377085954491556,0.017972650531020488,0.2977197902821895,7.966671074982202,0.15739315896688238,4.454783805774719,0.34088029099874717,55234.56025369979,8706.090204369275,10.919362232347174,9.07189293875764
quality7,book,171,0.769091298744595,0.006737604787556371,0.04147751723517067,0.18426662640367997,0.043754669563202134,0.01908846668723761,0.025617857785602712,0.014889845596720163,0.009550886379675215,0.05196894126174506,9.41641583510303,0.12220991059740319,4.518046333603705,0.45807974666014517,472912.649122807,80524.86549707603,13.0666680908139,11.296333722320167
quality7,c4,10000,0.7939633936327467,0.009938413397152387,0.04819316252849458,0.16668391114137174,0.045835181588286394,0.04814739575208109,0.06594375820478988,0.03179835214572836,0.011963194804910348,0.10897664819217714,6.489205793967281,0.5991078781291274,4.838550669566104,5.2347126557652865e-05,2289.1784,382.5531,7.736384997444063,5.949478072760859
quality7,commoncrawl,9640,0.7880867351627988,0.016252074924340165,0.0619626985336387,0.1630046283711443,0.14432831989374897,0.0731403779186773,0.0623754573648384,0.02180340051031161,0.025924639290155142,0.10284134914624654,7.494823583576554,0.4726720719182737,4.946791475820115,9.729712698130027e-05,7326.595228215768,1180.4840248962655,8.899402668504116,7.074526575499806
quality7,github,9909,0.6479466914197223,0.009392827811934963,0.0937685840135796,0.20753865667315993,0.4086094741509722,0.8496718046704712,0.054677326911558195,2.556346367745723,0.002461466716365757,0.1026322714961814,5.537370277948482,0.43886959466061437,6.146677659096329,0.3265993758796926,4913.665051972954,531.6411343223332,8.499978882135569,6.277847903447332
quality7,stackexchange,10000,0.6971819461885577,0.017065963813100483,0.06562179618027351,0.19605983693324977,0.32729431572776235,1.4682889880478724,0.014145900449441123,0.5860505304300326,0.005335973755867651,0.12723187856757942,6.352764628944788,0.47830079953174115,4.667371068503251,0.28134739308766255,2399.8506,337.7075,7.783578370211953,5.825136903068376
quality7,wikipedia,9992,0.7804081839895356,0.028900271130584635,0.06663815614634742,0.15847844645734177,0.036344607747684,0.005696302680014625,0.0007191906887111161,0.00676445736946074,0.0017842033291096508,0.028307055559735846,5.634293319104859,0.5923194170004054,4.780974809603029,0.2588831003993149,2601.2295836669336,354.50610488390714,7.864123888718507,5.873542421765065
